<?xml version="1.0" encoding="UTF-8"?>
<project-private xmlns="http://www.netbeans.org/ns/project-private/1">
    <editor-bookmarks xmlns="http://www.netbeans.org/ns/editor-bookmarks/2" lastBookmarkId="0"/>
    <open-files xmlns="http://www.netbeans.org/ns/projectui-open-files/2">
        <group>
            <file>file:/Users/viniciusspatto/Desktop/FBE_Aula4/src/java/hibernate.cfg.xml</file>
            <file>file:/Users/viniciusspatto/Desktop/FBE_Aula4/src/java/fbe_aula4/resources/ApplicationConfig.java</file>
            <file>file:/Users/viniciusspatto/Desktop/FBE_Aula4/src/java/fbe_aula4/resources/RecursoProdutos.java</file>
        </group>
    </open-files>
</project-private>
