{
  "project_info": {
    "project_number": "582150673778",
    "firebase_url": "https://wedoo-espfullstack.firebaseio.com",
    "project_id": "wedoo-espfullstack",
    "storage_bucket": "wedoo-espfullstack.appspot.com"
  },
  "client": [
    {
      "client_info": {
        "mobilesdk_app_id": "1:582150673778:android:b85b5e7a7e5c01cd",
        "android_client_info": {
          "package_name": "com.espfullstack.wedoo"
        }
      },
      "oauth_client": [
        {
          "client_id": "582150673778-c3d8e7f6opthpsfgt9plffrjdc6k8uls.apps.googleusercontent.com",
          "client_type": 1,
          "android_info": {
            "package_name": "com.espfullstack.wedoo",
            "certificate_hash": "069689b917af0500587b006c7b0a7698bba429c3"
          }
        },
        {
          "client_id": "582150673778-6egj543g5n0j949ukhu6njecgbhdnqlu.apps.googleusercontent.com",
          "client_type": 3
        }
      ],
      "api_key": [
        {
          "current_key": "AIzaSyDVWuAVKa9GgtMzF5YhdVI-R1s3mMwO7LI"
        }
      ],
      "services": {
        "analytics_service": {
          "status": 1
        },
        "appinvite_service": {
          "status": 2,
          "other_platform_oauth_client": [
            {
              "client_id": "582150673778-6egj543g5n0j949ukhu6njecgbhdnqlu.apps.googleusercontent.com",
              "client_type": 3
            }
          ]
        },
        "ads_service": {
          "status": 2
        }
      }
    }
  ],
  "configuration_version": "1"
}